"","date","usaf","wban","code","station","lat","lon","elev","wd","ws","ceil_hgt","visibility","air_temp","dew_point","atmos_pres","RH","cl_1","cl_1_height","cl_2","cl_2_height","cl_3","cl_3_height","cl","year"
"1",2020-01-02 05:55:00,"162040","99999","162040-99999","RADICOFANI",42.9,11.767,918,160,2.6,NA,9900,9,-21,NA,10.0335418996874,NA,NA,NA,NA,NA,NA,NA,"2020"
"2",2020-01-02 06:00:00,"162040","99999","162040-99999","RADICOFANI",42.9,11.767,828,160,2.6,NA,20000,8.8,-21.2,NA,9.99349563427994,NA,NA,NA,NA,NA,NA,NA,"2020"
"3",2020-01-02 06:55:00,"162040","99999","162040-99999","RADICOFANI",42.9,11.767,918,160,2.6,NA,9900,9,-21,NA,10.0335418996874,NA,NA,NA,NA,NA,NA,NA,"2020"
"4",2020-01-02 07:55:00,"162040","99999","162040-99999","RADICOFANI",42.9,11.767,918,NA,0,NA,9900,10,-21,NA,9.36822068982964,NA,NA,NA,NA,NA,NA,NA,"2020"
"5",2020-01-02 08:55:00,"162040","99999","162040-99999","RADICOFANI",42.9,11.767,918,80,3.1,NA,9900,10,-20,NA,10.2340651188019,NA,NA,NA,NA,NA,NA,NA,"2020"
"6",2020-01-02 09:00:00,"162040","99999","162040-99999","RADICOFANI",42.9,11.767,828,80,3.1,NA,25000,10.2,-20.1,NA,10.0068862163312,NA,NA,NA,NA,NA,NA,NA,"2020"
"7",2020-01-02 09:55:00,"162040","99999","162040-99999","RADICOFANI",42.9,11.767,918,NA,0,NA,9900,11,-20,NA,9.56051794131684,NA,NA,NA,NA,NA,NA,NA,"2020"
"8",2020-01-02 10:55:00,"162040","99999","162040-99999","RADICOFANI",42.9,11.767,918,260,1.5,NA,9900,10,-20,NA,10.2340651188019,NA,NA,NA,NA,NA,NA,NA,"2020"
"9",2020-01-02 11:55:00,"162040","99999","162040-99999","RADICOFANI",42.9,11.767,918,80,1.5,NA,9900,11,-19,NA,10.43504788063,NA,NA,NA,NA,NA,NA,NA,"2020"
"10",2020-01-02 12:00:00,"162040","99999","162040-99999","RADICOFANI",42.9,11.767,828,80,1.5,NA,25000,11,-19.5,NA,9.9894118971267,NA,NA,NA,NA,NA,NA,NA,"2020"
"11",2020-01-02 12:55:00,"162040","99999","162040-99999","RADICOFANI",42.9,11.767,918,NA,0,NA,9900,12,-19,NA,9.75336585462371,NA,NA,NA,NA,NA,NA,NA,"2020"
"12",2020-01-02 13:55:00,"162040","99999","162040-99999","RADICOFANI",42.9,11.767,918,NA,0,NA,9900,11,-19,NA,10.43504788063,NA,NA,NA,NA,NA,NA,NA,"2020"
"13",2020-01-03 05:55:00,"162040","99999","162040-99999","RADICOFANI",42.9,11.767,918,NA,0,NA,9900,5,4,NA,93.3358465665019,NA,NA,NA,NA,NA,NA,NA,"2020"
"14",2020-01-03 06:00:00,"162040","99999","162040-99999","RADICOFANI",42.9,11.767,828,NA,0,22000,12000,5,3.8,NA,92.050691524823,NA,NA,NA,NA,NA,NA,NA,"2020"
"15",2020-01-03 06:55:00,"162040","99999","162040-99999","RADICOFANI",42.9,11.767,918,50,1.5,NA,9900,5,4,NA,93.3358465665019,NA,NA,NA,NA,NA,NA,NA,"2020"
"16",2020-01-03 07:55:00,"162040","99999","162040-99999","RADICOFANI",42.9,11.767,918,30,2.1,NA,9900,7,3,NA,75.9437234078979,NA,NA,NA,NA,NA,NA,NA,"2020"
"17",2020-01-03 08:55:00,"162040","99999","162040-99999","RADICOFANI",42.9,11.767,918,240,2.1,NA,9900,7,3,NA,75.9437234078979,NA,NA,NA,NA,NA,NA,NA,"2020"
"18",2020-01-03 09:00:00,"162040","99999","162040-99999","RADICOFANI",42.9,11.767,828,240,2.1,NA,15000,7,3.3,NA,77.553068150863,NA,NA,NA,NA,NA,NA,NA,"2020"
"19",2020-01-03 09:55:00,"162040","99999","162040-99999","RADICOFANI",42.9,11.767,918,250,2.1,NA,9900,8,3,NA,70.9771877922678,NA,NA,NA,NA,NA,NA,NA,"2020"
"20",2020-01-07 05:55:00,"162040","99999","162040-99999","RADICOFANI",42.9,11.767,918,NA,0,NA,9900,6,-12,NA,26.4086560247371,NA,NA,NA,NA,NA,NA,NA,"2020"
"21",2020-01-07 06:00:00,"162040","99999","162040-99999","RADICOFANI",42.9,11.767,828,NA,0,NA,25000,5.8,-12.2,NA,26.3499651547218,NA,NA,NA,NA,NA,NA,NA,"2020"
"22",2020-01-07 06:55:00,"162040","99999","162040-99999","RADICOFANI",42.9,11.767,918,NA,0,NA,9900,6,-12,NA,26.4086560247371,NA,NA,NA,NA,NA,NA,NA,"2020"
"23",2020-01-07 07:55:00,"162040","99999","162040-99999","RADICOFANI",42.9,11.767,918,NA,0,NA,9900,6,-11,NA,28.6104657126536,NA,NA,NA,NA,NA,NA,NA,"2020"
"24",2020-01-07 08:55:00,"162040","99999","162040-99999","RADICOFANI",42.9,11.767,918,250,3.1,NA,9900,7,-8,NA,33.8006159980778,NA,NA,NA,NA,NA,NA,NA,"2020"
"25",2020-01-07 09:00:00,"162040","99999","162040-99999","RADICOFANI",42.9,11.767,828,250,3.1,22000,25000,6.6,-8.1,NA,34.4742621233775,NA,NA,NA,NA,NA,NA,NA,"2020"
"26",2020-01-07 09:55:00,"162040","99999","162040-99999","RADICOFANI",42.9,11.767,918,250,2.6,NA,9900,7,-1,NA,57.1118387153034,NA,NA,NA,NA,NA,NA,NA,"2020"
"27",2020-01-07 10:55:00,"162040","99999","162040-99999","RADICOFANI",42.9,11.767,918,260,3.1,NA,NA,8,0,NA,57.3625243073072,2,853,NA,NA,NA,NA,2,"2020"
"28",2020-01-07 11:55:00,"162040","99999","162040-99999","RADICOFANI",42.9,11.767,918,250,1.5,NA,NA,9,1,NA,57.6103934880834,2,853,NA,NA,NA,NA,2,"2020"
"29",2020-01-07 12:00:00,"162040","99999","162040-99999","RADICOFANI",42.9,11.767,828,250,1.5,NA,20000,8.8,0.5,NA,56.3382284766908,2,840,NA,NA,NA,NA,2,"2020"
"30",2020-01-07 12:55:00,"162040","99999","162040-99999","RADICOFANI",42.9,11.767,918,260,1.5,NA,NA,9,1,NA,57.6103934880834,2,914,NA,NA,NA,NA,2,"2020"
"31",2020-01-07 13:55:00,"162040","99999","162040-99999","RADICOFANI",42.9,11.767,918,NA,0,NA,NA,8,0,NA,57.3625243073072,2,914,NA,NA,NA,NA,2,"2020"
"32",2020-01-08 05:55:00,"162040","99999","162040-99999","RADICOFANI",42.9,11.767,918,220,3.6,NA,9900,2,-5,NA,60.1771928765203,NA,NA,NA,NA,NA,NA,NA,"2020"
"33",2020-01-08 06:00:00,"162040","99999","162040-99999","RADICOFANI",42.9,11.767,828,220,3.6,NA,20000,2.4,-4.6,NA,60.2767681317869,NA,NA,NA,NA,NA,NA,NA,"2020"
"34",2020-01-08 06:55:00,"162040","99999","162040-99999","RADICOFANI",42.9,11.767,918,180,3.1,NA,9900,2,-5,NA,60.1771928765203,NA,NA,NA,NA,NA,NA,NA,"2020"
"35",2020-01-08 07:55:00,"162040","99999","162040-99999","RADICOFANI",42.9,11.767,918,80,4.6,NA,9900,6,-7,NA,39.10742436502,NA,NA,NA,NA,NA,NA,NA,"2020"
"36",2020-01-08 08:55:00,"162040","99999","162040-99999","RADICOFANI",42.9,11.767,918,280,2.6,NA,9900,6,-6,NA,42.2065750464903,NA,NA,NA,NA,NA,NA,NA,"2020"
"37",2020-01-08 09:00:00,"162040","99999","162040-99999","RADICOFANI",42.9,11.767,828,280,2.6,NA,20000,5.8,-5.8,NA,43.4465773228593,NA,NA,NA,NA,NA,NA,NA,"2020"
"38",2020-01-08 09:55:00,"162040","99999","162040-99999","RADICOFANI",42.9,11.767,918,90,3.6,NA,9900,7,-7,NA,36.5087118951448,NA,NA,NA,NA,NA,NA,NA,"2020"
"39",2020-01-08 10:55:00,"162040","99999","162040-99999","RADICOFANI",42.9,11.767,918,80,2.6,NA,9900,7,-5,NA,42.4999245611309,NA,NA,NA,NA,NA,NA,NA,"2020"
"40",2020-01-08 11:55:00,"162040","99999","162040-99999","RADICOFANI",42.9,11.767,918,250,2.6,NA,9900,9,-5,NA,37.100435877353,NA,NA,NA,NA,NA,NA,NA,"2020"
"41",2020-01-08 12:00:00,"162040","99999","162040-99999","RADICOFANI",42.9,11.767,828,250,2.6,NA,20000,8.8,-4.7,NA,38.4638788411447,NA,NA,NA,NA,NA,NA,NA,"2020"
"42",2020-01-08 12:55:00,"162040","99999","162040-99999","RADICOFANI",42.9,11.767,918,90,2.6,NA,9900,9,-5,NA,37.100435877353,NA,NA,NA,NA,NA,NA,NA,"2020"
"43",2020-01-08 13:55:00,"162040","99999","162040-99999","RADICOFANI",42.9,11.767,918,NA,0,NA,9900,9,-5,NA,37.100435877353,NA,NA,NA,NA,NA,NA,NA,"2020"
"44",2020-01-09 05:55:00,"162040","99999","162040-99999","RADICOFANI",42.9,11.767,918,NA,0,NA,9900,6,-9,NA,33.500776835427,NA,NA,NA,NA,NA,NA,NA,"2020"
"45",2020-01-09 06:00:00,"162040","99999","162040-99999","RADICOFANI",42.9,11.767,828,NA,0,NA,25000,6,-9.1,NA,33.2399448385823,NA,NA,NA,NA,NA,NA,NA,"2020"
"46",2020-01-09 06:55:00,"162040","99999","162040-99999","RADICOFANI",42.9,11.767,918,NA,0,NA,9900,6,-9,NA,33.500776835427,NA,NA,NA,NA,NA,NA,NA,"2020"
"47",2020-01-09 07:55:00,"162040","99999","162040-99999","RADICOFANI",42.9,11.767,918,NA,0,NA,9900,8,-8,NA,31.5665802307449,NA,NA,NA,NA,NA,NA,NA,"2020"
"48",2020-01-09 08:55:00,"162040","99999","162040-99999","RADICOFANI",42.9,11.767,918,NA,0,NA,9900,8,-7,NA,34.0982199992732,NA,NA,NA,NA,NA,NA,NA,"2020"
"49",2020-01-09 09:00:00,"162040","99999","162040-99999","RADICOFANI",42.9,11.767,828,NA,0,NA,25000,8.4,-7.3,NA,32.4264417704136,NA,NA,NA,NA,NA,NA,NA,"2020"
"50",2020-01-09 09:55:00,"162040","99999","162040-99999","RADICOFANI",42.9,11.767,918,NA,0,NA,9900,10,-6,NA,32.1537351400264,NA,NA,NA,NA,NA,NA,NA,"2020"
"51",2020-01-09 10:55:00,"162040","99999","162040-99999","RADICOFANI",42.9,11.767,918,NA,0,NA,9900,9,-7,NA,31.8611741832606,NA,NA,NA,NA,NA,NA,NA,"2020"
"52",2020-01-09 11:55:00,"162040","99999","162040-99999","RADICOFANI",42.9,11.767,918,NA,0,NA,9900,11,-5,NA,32.4442721654569,NA,NA,NA,NA,NA,NA,NA,"2020"
"53",2020-01-09 12:00:00,"162040","99999","162040-99999","RADICOFANI",42.9,11.767,828,NA,0,NA,25000,10.8,-4.8,NA,33.3796962994784,NA,NA,NA,NA,NA,NA,NA,"2020"
"54",2020-01-09 12:55:00,"162040","99999","162040-99999","RADICOFANI",42.9,11.767,918,40,2.1,NA,9900,10,-5,NA,34.686777904094,NA,NA,NA,NA,NA,NA,NA,"2020"
"55",2020-01-09 13:55:00,"162040","99999","162040-99999","RADICOFANI",42.9,11.767,918,NA,0,NA,9900,10,-5,NA,34.686777904094,NA,NA,NA,NA,NA,NA,NA,"2020"
"56",2020-01-10 05:55:00,"162040","99999","162040-99999","RADICOFANI",42.9,11.767,918,NA,0,NA,NA,4,2,NA,86.9689002518749,2,305,NA,NA,NA,NA,2,"2020"
"57",2020-01-10 06:00:00,"162040","99999","162040-99999","RADICOFANI",42.9,11.767,828,NA,0,22000,20000,4.4,1.9,NA,83.999476673609,2,300,NA,NA,NA,NA,2,"2020"
"58",2020-01-10 06:55:00,"162040","99999","162040-99999","RADICOFANI",42.9,11.767,918,NA,0,NA,NA,5,2,NA,81.1632612655429,2,305,NA,NA,NA,NA,2,"2020"
"59",2020-01-10 07:55:00,"162040","99999","162040-99999","RADICOFANI",42.9,11.767,918,NA,0,NA,NA,5,4,NA,93.3358465665019,2,305,NA,NA,NA,NA,2,"2020"
"60",2020-01-10 08:55:00,"162040","99999","162040-99999","RADICOFANI",42.9,11.767,918,NA,0,NA,NA,7,4,NA,81.4247626587801,4,853,NA,NA,NA,NA,4,"2020"
"61",2020-01-10 09:00:00,"162040","99999","162040-99999","RADICOFANI",42.9,11.767,828,NA,0,2100,14000,6.8,3.8,NA,81.3989384375091,4,840,3,2100,NA,NA,4,"2020"
"62",2020-01-10 09:55:00,"162040","99999","162040-99999","RADICOFANI",42.9,11.767,918,NA,0,853,NA,6,4,NA,87.1568840291932,7,853,NA,NA,NA,NA,7,"2020"
"63",2020-01-13 05:55:00,"162040","99999","162040-99999","RADICOFANI",42.9,11.767,918,NA,0,NA,9900,3,-3,NA,65.0622397210872,NA,NA,NA,NA,NA,NA,NA,"2020"
"64",2020-01-13 06:00:00,"162040","99999","162040-99999","RADICOFANI",42.9,11.767,828,NA,0,NA,14000,3.4,-3.2,NA,62.3392887963614,NA,NA,NA,NA,NA,NA,NA,"2020"
"65",2020-01-13 06:55:00,"162040","99999","162040-99999","RADICOFANI",42.9,11.767,918,NA,0,NA,9900,3,-3,NA,65.0622397210872,NA,NA,NA,NA,NA,NA,NA,"2020"
"66",2020-01-13 07:55:00,"162040","99999","162040-99999","RADICOFANI",42.9,11.767,918,NA,0,NA,9900,4,-3,NA,60.6702702324474,NA,NA,NA,NA,NA,NA,NA,"2020"
"67",2020-01-13 08:55:00,"162040","99999","162040-99999","RADICOFANI",42.9,11.767,918,NA,0,NA,9900,6,-2,NA,56.858290843446,NA,NA,NA,NA,NA,NA,NA,"2020"
"68",2020-01-13 09:00:00,"162040","99999","162040-99999","RADICOFANI",42.9,11.767,828,NA,0,NA,15000,5.6,-2,NA,58.4432245980428,NA,NA,NA,NA,NA,NA,NA,"2020"
"69",2020-01-13 09:55:00,"162040","99999","162040-99999","RADICOFANI",42.9,11.767,918,120,1.5,NA,9900,7,-2,NA,53.0986327629818,NA,NA,NA,NA,NA,NA,NA,"2020"
"70",2020-01-13 10:55:00,"162040","99999","162040-99999","RADICOFANI",42.9,11.767,918,140,1.5,NA,9900,7,-2,NA,53.0986327629818,NA,NA,NA,NA,NA,NA,NA,"2020"
"71",2020-01-13 11:55:00,"162040","99999","162040-99999","RADICOFANI",42.9,11.767,918,170,1.5,NA,9900,8,-3,NA,46.0901416580507,NA,NA,NA,NA,NA,NA,NA,"2020"
"72",2020-01-13 12:00:00,"162040","99999","162040-99999","RADICOFANI",42.9,11.767,828,170,1.5,NA,20000,7.8,-3.1,NA,46.3755132160818,NA,NA,NA,NA,NA,NA,NA,"2020"
"73",2020-01-13 12:55:00,"162040","99999","162040-99999","RADICOFANI",42.9,11.767,918,NA,0,NA,9900,9,-2,NA,46.3717990800486,NA,NA,NA,NA,NA,NA,NA,"2020"
"74",2020-01-13 13:55:00,"162040","99999","162040-99999","RADICOFANI",42.9,11.767,918,NA,0,NA,9900,9,-3,NA,43.0785912283579,NA,NA,NA,NA,NA,NA,NA,"2020"
"75",2020-01-14 05:55:00,"162040","99999","162040-99999","RADICOFANI",42.9,11.767,918,NA,0,NA,NA,4,-7,NA,44.9356267585651,2,914,NA,NA,NA,NA,2,"2020"
"76",2020-01-14 06:00:00,"162040","99999","162040-99999","RADICOFANI",42.9,11.767,828,NA,0,22000,20000,3.8,-6.7,NA,46.6248766188004,2,900,NA,NA,NA,NA,2,"2020"
"77",2020-01-14 06:55:00,"162040","99999","162040-99999","RADICOFANI",42.9,11.767,918,NA,0,NA,NA,4,-7,NA,44.9356267585651,2,914,NA,NA,NA,NA,2,"2020"
"78",2020-01-14 07:55:00,"162040","99999","162040-99999","RADICOFANI",42.9,11.767,918,NA,0,NA,NA,5,-6,NA,45.2285093243318,4,914,NA,NA,NA,NA,4,"2020"
"79",2020-01-14 08:55:00,"162040","99999","162040-99999","RADICOFANI",42.9,11.767,918,NA,0,NA,NA,5,-6,NA,45.2285093243318,4,914,NA,NA,NA,NA,4,"2020"
"80",2020-01-14 09:00:00,"162040","99999","162040-99999","RADICOFANI",42.9,11.767,828,NA,0,2100,20000,5.4,-5.9,NA,44.3269649751685,3,900,5,2100,NA,NA,5,"2020"
"81",2020-01-14 09:55:00,"162040","99999","162040-99999","RADICOFANI",42.9,11.767,918,NA,0,NA,NA,7,-5,NA,42.4999245611309,2,914,NA,NA,NA,NA,2,"2020"
"82",2020-01-14 10:55:00,"162040","99999","162040-99999","RADICOFANI",42.9,11.767,918,NA,0,NA,NA,7,-3,NA,49.3343824214183,4,914,NA,NA,NA,NA,4,"2020"
"83",2020-01-14 11:55:00,"162040","99999","162040-99999","RADICOFANI",42.9,11.767,918,NA,0,NA,NA,7,-3,NA,49.3343824214183,2,914,NA,NA,NA,NA,2,"2020"
"84",2020-01-14 12:00:00,"162040","99999","162040-99999","RADICOFANI",42.9,11.767,828,NA,0,2400,20000,7,-3.3,NA,48.2516408811934,2,900,6,2400,NA,NA,6,"2020"
"85",2020-01-14 12:55:00,"162040","99999","162040-99999","RADICOFANI",42.9,11.767,918,NA,0,NA,NA,7,-2,NA,53.0986327629818,4,914,NA,NA,NA,NA,4,"2020"
"86",2020-01-14 13:55:00,"162040","99999","162040-99999","RADICOFANI",42.9,11.767,918,NA,0,NA,NA,7,-1,NA,57.1118387153034,4,914,NA,NA,NA,NA,4,"2020"
"87",2020-01-15 05:55:00,"162040","99999","162040-99999","RADICOFANI",42.9,11.767,918,NA,0,914,NA,6,-1,NA,61.1515982034628,7,914,NA,NA,NA,NA,7,"2020"
"88",2020-01-15 06:00:00,"162040","99999","162040-99999","RADICOFANI",42.9,11.767,828,NA,0,900,15000,6.2,-1,NA,60.3191858415038,5,900,4,2100,NA,NA,5,"2020"
"89",2020-01-15 06:55:00,"162040","99999","162040-99999","RADICOFANI",42.9,11.767,918,NA,0,914,NA,6,-1,NA,61.1515982034628,7,914,NA,NA,NA,NA,7,"2020"
"90",2020-01-15 07:55:00,"162040","99999","162040-99999","RADICOFANI",42.9,11.767,918,NA,0,NA,NA,6,-1,NA,61.1515982034628,4,1067,NA,NA,NA,NA,4,"2020"
"91",2020-01-15 08:55:00,"162040","99999","162040-99999","RADICOFANI",42.9,11.767,918,NA,0,NA,NA,6,0,NA,65.7259317350913,4,1067,NA,NA,NA,NA,4,"2020"
"92",2020-01-15 09:00:00,"162040","99999","162040-99999","RADICOFANI",42.9,11.767,828,NA,0,2100,20000,6.4,-0.4,NA,62.1368464893918,3,1050,7,2100,NA,NA,7,"2020"
"93",2020-01-15 09:55:00,"162040","99999","162040-99999","RADICOFANI",42.9,11.767,918,NA,0,NA,NA,7,0,NA,61.3879820779299,2,1067,NA,NA,NA,NA,2,"2020"
"94",2020-01-15 10:55:00,"162040","99999","162040-99999","RADICOFANI",42.9,11.767,918,NA,0,NA,NA,10,1,NA,53.8841726305271,2,762,NA,NA,NA,NA,2,"2020"
"95",2020-01-15 11:55:00,"162040","99999","162040-99999","RADICOFANI",42.9,11.767,918,NA,0,NA,NA,9,0,NA,53.6251367019403,2,762,NA,NA,NA,NA,2,"2020"
"96",2020-01-15 12:00:00,"162040","99999","162040-99999","RADICOFANI",42.9,11.767,828,NA,0,2100,20000,8.8,0.3,NA,55.535703063979,2,750,6,2100,NA,NA,6,"2020"
"97",2020-01-15 12:55:00,"162040","99999","162040-99999","RADICOFANI",42.9,11.767,918,NA,0,NA,NA,9,0,NA,53.6251367019403,2,610,NA,NA,NA,NA,2,"2020"
"98",2020-01-15 13:55:00,"162040","99999","162040-99999","RADICOFANI",42.9,11.767,918,NA,0,NA,NA,9,0,NA,53.6251367019403,4,610,NA,NA,NA,NA,4,"2020"
"99",2020-01-16 05:55:00,"162040","99999","162040-99999","RADICOFANI",42.9,11.767,918,NA,0,NA,9900,5,5,NA,100,NA,NA,NA,NA,NA,NA,NA,"2020"
"100",2020-01-16 06:00:00,"162040","99999","162040-99999","RADICOFANI",42.9,11.767,828,NA,0,NA,10000,5,4.6,NA,97.2860017147014,NA,NA,NA,NA,NA,NA,NA,"2020"
"101",2020-01-16 06:55:00,"162040","99999","162040-99999","RADICOFANI",42.9,11.767,918,NA,0,NA,9900,5,5,NA,100,NA,NA,NA,NA,NA,NA,NA,"2020"
"102",2020-01-16 07:55:00,"162040","99999","162040-99999","RADICOFANI",42.9,11.767,918,NA,0,NA,9900,7,1,NA,65.9416929933149,NA,NA,NA,NA,NA,NA,NA,"2020"
"103",2020-01-16 08:55:00,"162040","99999","162040-99999","RADICOFANI",42.9,11.767,918,NA,0,NA,9900,8,0,NA,57.3625243073072,NA,NA,NA,NA,NA,NA,NA,"2020"
"104",2020-01-16 09:00:00,"162040","99999","162040-99999","RADICOFANI",42.9,11.767,828,NA,0,22000,15000,7.6,-0.4,NA,57.2625905880981,NA,NA,NA,NA,NA,NA,NA,"2020"
"105",2020-01-16 09:55:00,"162040","99999","162040-99999","RADICOFANI",42.9,11.767,918,NA,0,NA,9900,7,-1,NA,57.1118387153034,NA,NA,NA,NA,NA,NA,NA,"2020"
"106",2020-01-16 10:55:00,"162040","99999","162040-99999","RADICOFANI",42.9,11.767,918,NA,0,NA,9900,7,-1,NA,57.1118387153034,NA,NA,NA,NA,NA,NA,NA,"2020"
"107",2020-01-16 11:55:00,"162040","99999","162040-99999","RADICOFANI",42.9,11.767,918,250,1.5,NA,9900,8,1,NA,61.621577521668,NA,NA,NA,NA,NA,NA,NA,"2020"
"108",2020-01-16 12:00:00,"162040","99999","162040-99999","RADICOFANI",42.9,11.767,828,250,1.5,NA,20000,8.4,0.6,NA,58.2913205279485,NA,NA,NA,NA,NA,NA,NA,"2020"
"109",2020-01-16 12:55:00,"162040","99999","162040-99999","RADICOFANI",42.9,11.767,918,250,1.5,NA,9900,9,-1,NA,49.8832214700371,NA,NA,NA,NA,NA,NA,NA,"2020"
"110",2020-01-16 13:55:00,"162040","99999","162040-99999","RADICOFANI",42.9,11.767,918,NA,0,NA,9900,9,-2,NA,46.3717990800486,NA,NA,NA,NA,NA,NA,NA,"2020"
"111",2020-01-17 05:55:00,"162040","99999","162040-99999","RADICOFANI",42.9,11.767,918,NA,0,NA,9900,4,3,NA,93.2855267914932,NA,NA,NA,NA,NA,NA,NA,"2020"
"112",2020-01-17 06:00:00,"162040","99999","162040-99999","RADICOFANI",42.9,11.767,828,NA,0,NA,15000,4.4,2.6,NA,88.2360437568623,NA,NA,NA,NA,NA,NA,NA,"2020"
"113",2020-01-17 06:55:00,"162040","99999","162040-99999","RADICOFANI",42.9,11.767,918,NA,0,NA,9900,5,2,NA,81.1632612655429,NA,NA,NA,NA,NA,NA,NA,"2020"
"114",2020-01-17 07:55:00,"162040","99999","162040-99999","RADICOFANI",42.9,11.767,918,NA,0,NA,NA,5,0,NA,70.4030600714566,2,671,NA,NA,NA,NA,2,"2020"
"115",2020-01-17 08:55:00,"162040","99999","162040-99999","RADICOFANI",42.9,11.767,918,NA,0,NA,NA,6,0,NA,65.7259317350913,4,762,NA,NA,NA,NA,4,"2020"
"116",2020-01-17 09:00:00,"162040","99999","162040-99999","RADICOFANI",42.9,11.767,828,NA,0,2100,20000,6.4,0.1,NA,64.4124671251787,3,750,4,2100,NA,NA,4,"2020"
"117",2020-01-17 09:55:00,"162040","99999","162040-99999","RADICOFANI",42.9,11.767,918,NA,0,NA,NA,7,1,NA,65.9416929933149,4,549,NA,NA,NA,NA,4,"2020"
"118",2020-01-20 06:00:00,"162040","99999","162040-99999","RADICOFANI",42.9,11.767,828,220,3.1,300,15000,1.4,-1.7,NA,80.0901228205458,5,300,3,2400,NA,NA,5,"2020"
"119",2020-01-20 06:55:00,"162040","99999","162040-99999","RADICOFANI",42.9,11.767,918,220,2.6,305,NA,2,-1,NA,80.7569645722005,7,305,NA,NA,NA,NA,7,"2020"
"120",2020-01-20 07:55:00,"162040","99999","162040-99999","RADICOFANI",42.9,11.767,918,130,3.6,305,NA,2,-1,NA,80.7569645722005,7,305,NA,NA,NA,NA,7,"2020"
"121",2020-01-20 08:55:00,"162040","99999","162040-99999","RADICOFANI",42.9,11.767,918,220,2.6,NA,NA,2,-1,NA,80.7569645722005,4,305,NA,NA,NA,NA,4,"2020"
"122",2020-01-20 09:00:00,"162040","99999","162040-99999","RADICOFANI",42.9,11.767,828,220,2.6,NA,15000,2.2,-1.4,NA,77.3559807634258,4,300,NA,NA,NA,NA,4,"2020"
"123",2020-01-20 09:55:00,"162040","99999","162040-99999","RADICOFANI",42.9,11.767,918,200,2.6,NA,NA,3,-1,NA,75.2789622983311,4,488,NA,NA,NA,NA,4,"2020"
"124",2020-01-20 10:55:00,"162040","99999","162040-99999","RADICOFANI",42.9,11.767,918,100,3.6,NA,NA,4,0,NA,75.4485476351069,4,549,NA,NA,NA,NA,4,"2020"
"125",2020-01-20 11:55:00,"162040","99999","162040-99999","RADICOFANI",42.9,11.767,918,110,3.1,NA,NA,4,-1,NA,70.2066649468427,4,549,NA,NA,NA,NA,4,"2020"
"126",2020-01-20 12:00:00,"162040","99999","162040-99999","RADICOFANI",42.9,11.767,828,110,3.1,2100,15000,3.6,-1,NA,72.1890522207103,4,540,4,2100,NA,NA,4,"2020"
"127",2020-01-20 12:55:00,"162040","99999","162040-99999","RADICOFANI",42.9,11.767,918,170,2.6,NA,NA,4,-1,NA,70.2066649468427,4,549,NA,NA,NA,NA,4,"2020"
"128",2020-01-20 13:55:00,"162040","99999","162040-99999","RADICOFANI",42.9,11.767,918,130,2.6,NA,NA,3,-1,NA,75.2789622983311,4,549,NA,NA,NA,NA,4,"2020"
"129",2020-01-21 05:55:00,"162040","99999","162040-99999","RADICOFANI",42.9,11.767,918,20,1.5,NA,NA,2,-2,NA,75.1070361694895,2,914,NA,NA,NA,NA,2,"2020"
"130",2020-01-21 06:00:00,"162040","99999","162040-99999","RADICOFANI",42.9,11.767,828,20,1.5,22000,18000,2,-2.1,NA,74.5615493969357,2,900,NA,NA,NA,NA,2,"2020"
"131",2020-01-21 06:55:00,"162040","99999","162040-99999","RADICOFANI",42.9,11.767,918,20,2.6,NA,NA,2,-3,NA,69.806050390569,2,914,NA,NA,NA,NA,2,"2020"
"132",2020-01-21 07:55:00,"162040","99999","162040-99999","RADICOFANI",42.9,11.767,918,30,1.5,NA,9900,2,-2,NA,75.1070361694895,NA,NA,NA,NA,NA,NA,NA,"2020"
"133",2020-01-21 08:55:00,"162040","99999","162040-99999","RADICOFANI",42.9,11.767,918,NA,0,NA,9900,3,-2,NA,70.0076786585175,NA,NA,NA,NA,NA,NA,NA,"2020"
"134",2020-01-21 09:00:00,"162040","99999","162040-99999","RADICOFANI",42.9,11.767,828,NA,0,22000,20000,3.4,-2.1,NA,67.5804736279657,NA,NA,NA,NA,NA,NA,NA,"2020"
"135",2020-01-21 09:55:00,"162040","99999","162040-99999","RADICOFANI",42.9,11.767,918,NA,0,NA,9900,5,-2,NA,60.9123774335056,NA,NA,NA,NA,NA,NA,NA,"2020"
"136",2020-01-21 10:55:00,"162040","99999","162040-99999","RADICOFANI",42.9,11.767,918,NA,0,NA,9900,7,-2,NA,53.0986327629818,NA,NA,NA,NA,NA,NA,NA,"2020"
"137",2020-01-21 11:55:00,"162040","99999","162040-99999","RADICOFANI",42.9,11.767,918,NA,0,NA,9900,7,-3,NA,49.3343824214183,NA,NA,NA,NA,NA,NA,NA,"2020"
"138",2020-01-21 12:00:00,"162040","99999","162040-99999","RADICOFANI",42.9,11.767,828,NA,0,NA,20000,6.8,-2.9,NA,50.3834285116962,NA,NA,NA,NA,NA,NA,NA,"2020"
"139",2020-01-21 12:55:00,"162040","99999","162040-99999","RADICOFANI",42.9,11.767,918,NA,0,NA,9900,7,-3,NA,49.3343824214183,NA,NA,NA,NA,NA,NA,NA,"2020"
"140",2020-01-21 13:55:00,"162040","99999","162040-99999","RADICOFANI",42.9,11.767,918,NA,0,NA,NA,7,-2,NA,53.0986327629818,2,1067,NA,NA,NA,NA,2,"2020"
"141",2020-01-23 05:55:00,"162040","99999","162040-99999","RADICOFANI",42.9,11.767,918,NA,0,NA,9900,7,2,NA,70.7882737785071,NA,NA,NA,NA,NA,NA,NA,"2020"
"142",2020-01-23 06:00:00,"162040","99999","162040-99999","RADICOFANI",42.9,11.767,828,NA,0,NA,20000,7,2.1,NA,71.289649491674,NA,NA,NA,NA,NA,NA,NA,"2020"
"143",2020-01-23 06:55:00,"162040","99999","162040-99999","RADICOFANI",42.9,11.767,918,NA,0,NA,9900,7,2,NA,70.7882737785071,NA,NA,NA,NA,NA,NA,NA,"2020"
"144",2020-01-23 07:55:00,"162040","99999","162040-99999","RADICOFANI",42.9,11.767,918,NA,0,NA,9900,8,2,NA,66.1548016409061,NA,NA,NA,NA,NA,NA,NA,"2020"
"145",2020-01-23 08:55:00,"162040","99999","162040-99999","RADICOFANI",42.9,11.767,918,NA,0,NA,9900,9,2,NA,61.8524319550942,NA,NA,NA,NA,NA,NA,NA,"2020"
"146",2020-01-23 09:00:00,"162040","99999","162040-99999","RADICOFANI",42.9,11.767,828,NA,0,NA,20000,8.6,2,NA,63.5353409407813,NA,NA,NA,NA,NA,NA,NA,"2020"
"147",2020-01-23 09:55:00,"162040","99999","162040-99999","RADICOFANI",42.9,11.767,918,NA,0,NA,9900,10,2,NA,57.8554912248566,NA,NA,NA,NA,NA,NA,NA,"2020"
"148",2020-01-23 10:55:00,"162040","99999","162040-99999","RADICOFANI",42.9,11.767,918,NA,0,NA,9900,10,1,NA,53.8841726305271,NA,NA,NA,NA,NA,NA,NA,"2020"
"149",2020-01-23 11:55:00,"162040","99999","162040-99999","RADICOFANI",42.9,11.767,918,NA,0,NA,9900,11,2,NA,54.1404536490307,NA,NA,NA,NA,NA,NA,NA,"2020"
"150",2020-01-23 12:00:00,"162040","99999","162040-99999","RADICOFANI",42.9,11.767,828,NA,0,NA,20000,11,2.1,NA,54.5252798067322,NA,NA,NA,NA,NA,NA,NA,"2020"
"151",2020-01-23 12:55:00,"162040","99999","162040-99999","RADICOFANI",42.9,11.767,918,30,1.5,NA,9900,11,2,NA,54.1404536490307,NA,NA,NA,NA,NA,NA,NA,"2020"
"152",2020-01-23 13:55:00,"162040","99999","162040-99999","RADICOFANI",42.9,11.767,918,NA,0,NA,9900,12,3,NA,54.3940206784374,NA,NA,NA,NA,NA,NA,NA,"2020"
"153",2020-01-24 05:55:00,"162040","99999","162040-99999","RADICOFANI",42.9,11.767,918,NA,0,NA,9900,5,2,NA,81.1632612655429,NA,NA,NA,NA,NA,NA,NA,"2020"
"154",2020-01-24 06:00:00,"162040","99999","162040-99999","RADICOFANI",42.9,11.767,828,NA,0,NA,10000,5.2,1.5,NA,77.2753889376972,NA,NA,NA,NA,NA,NA,NA,"2020"
"155",2020-01-24 06:55:00,"162040","99999","162040-99999","RADICOFANI",42.9,11.767,918,NA,0,NA,9900,5,1,NA,75.6158392476136,NA,NA,NA,NA,NA,NA,NA,"2020"
"156",2020-01-24 07:55:00,"162040","99999","162040-99999","RADICOFANI",42.9,11.767,918,NA,0,NA,9900,5,3,NA,87.063573866525,NA,NA,NA,NA,NA,NA,NA,"2020"
"157",2020-01-24 08:55:00,"162040","99999","162040-99999","RADICOFANI",42.9,11.767,918,160,2.1,NA,NA,6,3,NA,81.2949223108105,4,549,NA,NA,NA,NA,4,"2020"
"158",2020-01-24 09:00:00,"162040","99999","162040-99999","RADICOFANI",42.9,11.767,828,160,2.1,2100,12000,5.8,3,NA,82.4141551798324,4,540,3,2100,NA,NA,4,"2020"
"159",2020-01-24 09:55:00,"162040","99999","162040-99999","RADICOFANI",42.9,11.767,918,160,1.5,457,NA,6,4,NA,87.1568840291932,7,457,NA,NA,NA,NA,7,"2020"
"160",2020-01-27 05:55:00,"162040","99999","162040-99999","RADICOFANI",42.9,11.767,918,NA,0,NA,NA,5,2,NA,81.1632612655429,2,610,NA,NA,NA,NA,2,"2020"
"161",2020-01-27 06:00:00,"162040","99999","162040-99999","RADICOFANI",42.9,11.767,828,NA,0,2100,18000,5.2,1.9,NA,79.491420465301,1,600,5,2100,NA,NA,5,"2020"
"162",2020-01-27 06:55:00,"162040","99999","162040-99999","RADICOFANI",42.9,11.767,918,NA,0,NA,NA,5,2,NA,81.1632612655429,2,610,NA,NA,NA,NA,2,"2020"
"163",2020-01-27 07:55:00,"162040","99999","162040-99999","RADICOFANI",42.9,11.767,918,NA,0,NA,NA,6,3,NA,81.2949223108105,2,610,NA,NA,NA,NA,2,"2020"
"164",2020-01-27 08:55:00,"162040","99999","162040-99999","RADICOFANI",42.9,11.767,918,NA,0,NA,NA,6,4,NA,87.1568840291932,2,610,NA,NA,NA,NA,2,"2020"
"165",2020-01-27 09:00:00,"162040","99999","162040-99999","RADICOFANI",42.9,11.767,828,NA,0,22000,18000,6.4,3.9,NA,84.2260717631309,1,600,NA,NA,NA,NA,1,"2020"
"166",2020-01-27 09:55:00,"162040","99999","162040-99999","RADICOFANI",42.9,11.767,918,NA,0,NA,NA,9,6,NA,81.6791296449009,2,610,NA,NA,NA,NA,2,"2020"
"167",2020-01-27 10:55:00,"162040","99999","162040-99999","RADICOFANI",42.9,11.767,918,NA,0,NA,NA,8,5,NA,81.5528196574107,4,610,NA,NA,NA,NA,4,"2020"
"168",2020-01-27 11:55:00,"162040","99999","162040-99999","RADICOFANI",42.9,11.767,918,NA,0,NA,NA,8,5,NA,81.5528196574107,4,610,NA,NA,NA,NA,4,"2020"
"169",2020-01-27 12:00:00,"162040","99999","162040-99999","RADICOFANI",42.9,11.767,828,NA,0,22000,20000,8.2,4.6,NA,78.2736823343168,4,600,NA,NA,NA,NA,4,"2020"
"170",2020-01-27 12:55:00,"162040","99999","162040-99999","RADICOFANI",42.9,11.767,918,250,1,NA,NA,10,6,NA,76.4194541780186,4,610,NA,NA,NA,NA,4,"2020"
"171",2020-01-27 13:55:00,"162040","99999","162040-99999","RADICOFANI",42.9,11.767,918,250,1,NA,NA,9,6,NA,81.6791296449009,4,610,NA,NA,NA,NA,4,"2020"
"172",2020-01-28 05:55:00,"162040","99999","162040-99999","RADICOFANI",42.9,11.767,918,220,1.5,610,NA,6,6,NA,100,7,610,NA,NA,NA,NA,7,"2020"
"173",2020-01-28 06:00:00,"162040","99999","162040-99999","RADICOFANI",42.9,11.767,828,220,1.5,600,18000,6.4,5.5,NA,94.0469422403224,6,600,NA,NA,NA,NA,6,"2020"
"174",2020-01-28 06:55:00,"162040","99999","162040-99999","RADICOFANI",42.9,11.767,918,210,2.6,610,NA,7,5,NA,87.248859931572,7,610,NA,NA,NA,NA,7,"2020"
"175",2020-01-28 07:55:00,"162040","99999","162040-99999","RADICOFANI",42.9,11.767,918,190,2.1,0,0,7,6,NA,93.4342577566707,NA,0,NA,NA,NA,NA,NA,"2020"
"176",2020-01-28 08:55:00,"162040","99999","162040-99999","RADICOFANI",42.9,11.767,918,190,2.6,0,0,7,7,NA,100,NA,0,NA,NA,NA,NA,NA,"2020"
"177",2020-01-28 09:00:00,"162040","99999","162040-99999","RADICOFANI",42.9,11.767,828,190,2.6,0,0,7.2,6.6,NA,96.0197682238336,NA,0,NA,NA,NA,NA,NA,"2020"
"178",2020-01-28 09:55:00,"162040","99999","162040-99999","RADICOFANI",42.9,11.767,918,210,4.1,NA,NA,8,8,NA,100,4,610,NA,NA,NA,NA,4,"2020"
"179",2020-01-28 10:55:00,"162040","99999","162040-99999","RADICOFANI",42.9,11.767,918,210,2.6,NA,NA,9,6,NA,81.6791296449009,4,610,NA,NA,NA,NA,4,"2020"
"180",2020-01-28 11:55:00,"162040","99999","162040-99999","RADICOFANI",42.9,11.767,918,170,2.6,610,NA,8,5,NA,81.5528196574107,7,610,NA,NA,NA,NA,7,"2020"
"181",2020-01-28 12:00:00,"162040","99999","162040-99999","RADICOFANI",42.9,11.767,828,170,2.6,600,16000,7.8,5.3,NA,84.3809169023733,6,600,NA,NA,NA,NA,6,"2020"
"182",2020-01-28 12:55:00,"162040","99999","162040-99999","RADICOFANI",42.9,11.767,918,170,3.1,0,0,8,7,NA,93.4823818113221,NA,0,NA,NA,NA,NA,NA,"2020"
"183",2020-01-28 13:55:00,"162040","99999","162040-99999","RADICOFANI",42.9,11.767,918,170,2.1,0,0,8,7,NA,93.4823818113221,NA,0,NA,NA,NA,NA,NA,"2020"
"184",2020-01-29 05:55:00,"162040","99999","162040-99999","RADICOFANI",42.9,11.767,918,210,1.5,NA,NA,7,0,NA,61.3879820779299,4,610,NA,NA,NA,NA,4,"2020"
"185",2020-01-29 06:00:00,"162040","99999","162040-99999","RADICOFANI",42.9,11.767,828,210,1.5,22000,20000,6.6,-0.2,NA,62.183355298006,4,600,NA,NA,NA,NA,4,"2020"
"186",2020-01-29 06:55:00,"162040","99999","162040-99999","RADICOFANI",42.9,11.767,918,250,2.1,NA,NA,7,0,NA,61.3879820779299,4,610,NA,NA,NA,NA,4,"2020"
"187",2020-01-29 07:55:00,"162040","99999","162040-99999","RADICOFANI",42.9,11.767,918,250,5.7,NA,NA,7,-1,NA,57.1118387153034,4,610,NA,NA,NA,NA,4,"2020"
"188",2020-01-29 08:55:00,"162040","99999","162040-99999","RADICOFANI",42.9,11.767,918,260,2.1,NA,NA,8,0,NA,57.3625243073072,4,610,NA,NA,NA,NA,4,"2020"
"189",2020-01-29 09:00:00,"162040","99999","162040-99999","RADICOFANI",42.9,11.767,828,260,2.1,22000,20000,7.8,-0.4,NA,56.4918242288758,4,600,NA,NA,NA,NA,4,"2020"
"190",2020-01-29 09:55:00,"162040","99999","162040-99999","RADICOFANI",42.9,11.767,918,260,4.1,NA,NA,9,-1,NA,49.8832214700371,4,610,NA,NA,NA,NA,4,"2020"
"191",2020-01-29 10:55:00,"162040","99999","162040-99999","RADICOFANI",42.9,11.767,918,240,2.6,NA,NA,10,-1,NA,46.6507380209733,2,610,NA,NA,NA,NA,2,"2020"
"192",2020-01-29 11:55:00,"162040","99999","162040-99999","RADICOFANI",42.9,11.767,918,250,5.1,NA,NA,9,-3,NA,43.0785912283579,2,610,NA,NA,NA,NA,2,"2020"
"193",2020-01-29 12:00:00,"162040","99999","162040-99999","RADICOFANI",42.9,11.767,828,250,5.1,NA,21000,9.4,-2.5,NA,43.5126773633529,2,600,NA,NA,NA,NA,2,"2020"
"194",2020-01-29 12:55:00,"162040","99999","162040-99999","RADICOFANI",42.9,11.767,918,250,3.6,610,NA,8,1,NA,61.621577521668,7,610,NA,NA,NA,NA,7,"2020"
"195",2020-01-29 13:55:00,"162040","99999","162040-99999","RADICOFANI",42.9,11.767,918,250,2.1,610,NA,8,1,NA,61.621577521668,7,610,NA,NA,NA,NA,7,"2020"
"196",2020-01-30 05:55:00,"162040","99999","162040-99999","RADICOFANI",42.9,11.767,918,NA,0,NA,NA,5,4,NA,93.3358465665019,2,610,NA,NA,NA,NA,2,"2020"
"197",2020-01-30 06:00:00,"162040","99999","162040-99999","RADICOFANI",42.9,11.767,828,NA,0,NA,20000,5,4.3,NA,95.2930159469832,2,600,NA,NA,NA,NA,2,"2020"
"198",2020-01-30 06:55:00,"162040","99999","162040-99999","RADICOFANI",42.9,11.767,918,NA,0,NA,NA,5,4,NA,93.3358465665019,2,610,NA,NA,NA,NA,2,"2020"
"199",2020-01-30 07:55:00,"162040","99999","162040-99999","RADICOFANI",42.9,11.767,918,NA,0,NA,NA,6,4,NA,87.1568840291932,2,610,NA,NA,NA,NA,2,"2020"
"200",2020-01-30 08:55:00,"162040","99999","162040-99999","RADICOFANI",42.9,11.767,918,NA,0,NA,NA,8,5,NA,81.5528196574107,2,610,NA,NA,NA,NA,2,"2020"
"201",2020-01-30 09:00:00,"162040","99999","162040-99999","RADICOFANI",42.9,11.767,828,NA,0,NA,18000,7.6,4.7,NA,82.0663698684491,1,600,NA,NA,NA,NA,1,"2020"
"202",2020-01-30 09:55:00,"162040","99999","162040-99999","RADICOFANI",42.9,11.767,918,NA,0,NA,NA,9,3,NA,66.3653052243975,2,610,NA,NA,NA,NA,2,"2020"
"203",2020-01-30 10:55:00,"162040","99999","162040-99999","RADICOFANI",42.9,11.767,918,NA,0,NA,NA,10,2,NA,57.8554912248566,2,610,NA,NA,NA,NA,2,"2020"
"204",2020-01-30 11:55:00,"162040","99999","162040-99999","RADICOFANI",42.9,11.767,918,NA,0,NA,NA,11,3,NA,58.0978616024747,2,610,NA,NA,NA,NA,2,"2020"
"205",2020-01-30 12:00:00,"162040","99999","162040-99999","RADICOFANI",42.9,11.767,828,NA,0,22000,20000,10.6,2.7,NA,58.4111752307247,1,600,NA,NA,NA,NA,1,"2020"
"206",2020-01-30 12:55:00,"162040","99999","162040-99999","RADICOFANI",42.9,11.767,918,220,1,NA,NA,11,2,NA,54.1404536490307,2,610,NA,NA,NA,NA,2,"2020"
"207",2020-01-30 13:55:00,"162040","99999","162040-99999","RADICOFANI",42.9,11.767,918,NA,0,NA,NA,11,2,NA,54.1404536490307,2,762,NA,NA,NA,NA,2,"2020"
"208",2020-01-31 05:55:00,"162040","99999","162040-99999","RADICOFANI",42.9,11.767,918,190,2.1,0,0,7,7,NA,100,NA,0,NA,NA,NA,NA,NA,"2020"
"209",2020-01-31 06:00:00,"162040","99999","162040-99999","RADICOFANI",42.9,11.767,828,190,2.1,0,0,7.2,6.6,NA,96.0197682238336,NA,0,NA,NA,NA,NA,NA,"2020"
"210",2020-01-31 06:55:00,"162040","99999","162040-99999","RADICOFANI",42.9,11.767,918,180,2.1,0,0,7,6,NA,93.4342577566707,NA,0,NA,NA,NA,NA,NA,"2020"
"211",2020-01-31 07:55:00,"162040","99999","162040-99999","RADICOFANI",42.9,11.767,918,180,1.5,0,0,7,6,NA,93.4342577566707,NA,0,NA,NA,NA,NA,NA,"2020"
"212",2020-01-31 08:55:00,"162040","99999","162040-99999","RADICOFANI",42.9,11.767,918,180,1.5,0,0,7,6,NA,93.4342577566707,NA,0,NA,NA,NA,NA,NA,"2020"
"213",2020-01-31 09:00:00,"162040","99999","162040-99999","RADICOFANI",42.9,11.767,828,180,1.5,0,0,7.2,6.5,NA,95.370055586642,NA,0,NA,NA,NA,NA,NA,"2020"
"214",2020-01-31 09:55:00,"162040","99999","162040-99999","RADICOFANI",42.9,11.767,918,180,1.5,0,0,7,7,NA,100,NA,0,NA,NA,NA,NA,NA,"2020"
"215",2020-02-03 05:55:00,"162040","99999","162040-99999","RADICOFANI",42.9,11.767,918,NA,0,0,0,8,8,NA,100,NA,0,NA,NA,NA,NA,NA,"2020"
"216",2020-02-03 06:00:00,"162040","99999","162040-99999","RADICOFANI",42.9,11.767,828,NA,0,0,0,8.4,8.1,NA,98.0101805287825,NA,0,NA,NA,NA,NA,NA,"2020"
"217",2020-02-03 06:55:00,"162040","99999","162040-99999","RADICOFANI",42.9,11.767,918,NA,0,0,0,9,9,NA,100,NA,0,NA,NA,NA,NA,NA,"2020"
"218",2020-02-03 07:55:00,"162040","99999","162040-99999","RADICOFANI",42.9,11.767,918,NA,0,0,0,9,9,NA,100,NA,0,NA,NA,NA,NA,NA,"2020"
"219",2020-02-03 08:55:00,"162040","99999","162040-99999","RADICOFANI",42.9,11.767,918,180,2.6,0,0,10,9,NA,93.5765449060625,NA,0,NA,NA,NA,NA,NA,"2020"
"220",2020-02-03 09:00:00,"162040","99999","162040-99999","RADICOFANI",42.9,11.767,828,180,2.6,0,0,9.6,9.3,NA,98.027839048041,NA,0,NA,NA,NA,NA,NA,"2020"
"221",2020-02-03 09:55:00,"162040","99999","162040-99999","RADICOFANI",42.9,11.767,918,NA,0,NA,NA,11,10,NA,93.6226138305254,4,305,NA,NA,NA,NA,4,"2020"
"222",2020-02-03 10:55:00,"162040","99999","162040-99999","RADICOFANI",42.9,11.767,918,180,1.5,NA,NA,11,10,NA,93.6226138305254,4,305,NA,NA,NA,NA,4,"2020"
"223",2020-02-03 11:55:00,"162040","99999","162040-99999","RADICOFANI",42.9,11.767,918,NA,0,NA,NA,12,9,NA,82.0479264748835,4,305,NA,NA,NA,NA,4,"2020"
"224",2020-02-03 12:00:00,"162040","99999","162040-99999","RADICOFANI",42.9,11.767,828,NA,0,3000,12000,12,9,NA,82.0479264748835,3,300,5,3000,NA,NA,5,"2020"
"225",2020-02-03 12:55:00,"162040","99999","162040-99999","RADICOFANI",42.9,11.767,918,180,1,NA,NA,13,9,NA,76.876854645991,2,305,NA,NA,NA,NA,2,"2020"
"226",2020-02-03 13:55:00,"162040","99999","162040-99999","RADICOFANI",42.9,11.767,918,180,1,NA,NA,13,7,NA,67.1821820919712,2,305,NA,NA,NA,NA,2,"2020"
"227",2020-02-04 05:55:00,"162040","99999","162040-99999","RADICOFANI",42.9,11.767,918,160,2.6,0,0,7,7,NA,100,NA,0,NA,NA,NA,NA,NA,"2020"
"228",2020-02-04 06:00:00,"162040","99999","162040-99999","RADICOFANI",42.9,11.767,828,160,2.6,0,0,7.4,7.4,NA,100,NA,0,NA,NA,NA,NA,NA,"2020"
"229",2020-02-04 06:55:00,"162040","99999","162040-99999","RADICOFANI",42.9,11.767,918,160,2.6,0,0,7,7,NA,100,NA,0,NA,NA,NA,NA,NA,"2020"
"230",2020-02-04 07:55:00,"162040","99999","162040-99999","RADICOFANI",42.9,11.767,918,150,2.6,0,0,8,8,NA,100,NA,0,NA,NA,NA,NA,NA,"2020"
"231",2020-02-04 08:55:00,"162040","99999","162040-99999","RADICOFANI",42.9,11.767,918,170,2.6,0,0,8,8,NA,100,NA,0,NA,NA,NA,NA,NA,"2020"
"232",2020-02-04 09:00:00,"162040","99999","162040-99999","RADICOFANI",42.9,11.767,828,170,2.6,0,0,8,7.7,NA,98.0042238754821,NA,0,NA,NA,NA,NA,NA,"2020"
"233",2020-02-04 09:55:00,"162040","99999","162040-99999","RADICOFANI",42.9,11.767,918,140,2.6,0,0,8,8,NA,100,NA,0,NA,NA,NA,NA,NA,"2020"
"234",2020-02-04 10:55:00,"162040","99999","162040-99999","RADICOFANI",42.9,11.767,918,150,3.1,NA,NA,10,9,NA,93.5765449060625,4,305,NA,NA,NA,NA,4,"2020"
"235",2020-02-04 11:55:00,"162040","99999","162040-99999","RADICOFANI",42.9,11.767,918,250,10.3,NA,NA,12,2,NA,50.6857483168904,4,305,NA,NA,NA,NA,4,"2020"
"236",2020-02-04 12:00:00,"162040","99999","162040-99999","RADICOFANI",42.9,11.767,828,250,10.3,22000,15000,12.4,2,NA,49.3722700469805,3,300,NA,NA,NA,NA,3,"2020"
"237",2020-02-04 12:55:00,"162040","99999","162040-99999","RADICOFANI",42.9,11.767,918,260,12.9,NA,NA,12,2,NA,50.6857483168904,2,457,NA,NA,NA,NA,2,"2020"
"238",2020-02-04 13:55:00,"162040","99999","162040-99999","RADICOFANI",42.9,11.767,918,240,9.8,NA,NA,12,1,NA,47.2005972471017,2,610,NA,NA,NA,NA,2,"2020"
"239",2020-02-05 05:55:00,"162040","99999","162040-99999","RADICOFANI",42.9,11.767,918,200,2.6,NA,NA,1,-11,NA,40.6984429768481,2,305,NA,NA,NA,NA,2,"2020"
"240",2020-02-05 06:00:00,"162040","99999","162040-99999","RADICOFANI",42.9,11.767,828,200,2.6,22000,20000,0.8,-11,NA,41.2866926197106,2,300,NA,NA,NA,NA,2,"2020"
"241",2020-02-05 06:55:00,"162040","99999","162040-99999","RADICOFANI",42.9,11.767,918,230,1.5,NA,NA,1,-12,NA,37.5813494466387,2,305,NA,NA,NA,NA,2,"2020"
"242",2020-02-05 07:55:00,"162040","99999","162040-99999","RADICOFANI",42.9,11.767,918,180,1.5,NA,NA,2,-11,NA,37.8918806227723,2,366,NA,NA,NA,NA,2,"2020"
"243",2020-02-05 08:55:00,"162040","99999","162040-99999","RADICOFANI",42.9,11.767,918,230,1.5,NA,9900,3,-11,NA,35.2962381651708,NA,NA,NA,NA,NA,NA,NA,"2020"
"244",2020-02-05 09:00:00,"162040","99999","162040-99999","RADICOFANI",42.9,11.767,828,230,1.5,NA,20000,3,-10.6,NA,36.4335845275509,NA,NA,NA,NA,NA,NA,NA,"2020"
"245",2020-02-05 09:55:00,"162040","99999","162040-99999","RADICOFANI",42.9,11.767,918,210,3.1,NA,9900,5,-8,NA,38.8074758100113,NA,NA,NA,NA,NA,NA,NA,"2020"
"246",2020-02-05 10:55:00,"162040","99999","162040-99999","RADICOFANI",42.9,11.767,918,210,3.6,NA,NA,7,-10,NA,28.9066394691841,4,610,NA,NA,NA,NA,4,"2020"
"247",2020-02-05 11:55:00,"162040","99999","162040-99999","RADICOFANI",42.9,11.767,918,210,3.6,NA,NA,8,-12,NA,23.0082365631697,4,610,NA,NA,NA,NA,4,"2020"
"248",2020-02-05 12:00:00,"162040","99999","162040-99999","RADICOFANI",42.9,11.767,828,210,3.6,22000,25000,7.8,-12,NA,23.3256746738191,4,600,NA,NA,NA,NA,4,"2020"
"249",2020-02-05 12:55:00,"162040","99999","162040-99999","RADICOFANI",42.9,11.767,918,220,4.1,NA,NA,8,-20,NA,11.7421781032833,4,610,NA,NA,NA,NA,4,"2020"
"250",2020-02-05 13:55:00,"162040","99999","162040-99999","RADICOFANI",42.9,11.767,918,210,6.2,NA,NA,8,-22,NA,9.83351516267115,4,671,NA,NA,NA,NA,4,"2020"
"251",2020-02-06 05:55:00,"162040","99999","162040-99999","RADICOFANI",42.9,11.767,918,200,6.2,NA,9900,0,-15,NA,31.6540797917092,NA,NA,NA,NA,NA,NA,NA,"2020"
"252",2020-02-06 06:00:00,"162040","99999","162040-99999","RADICOFANI",42.9,11.767,828,200,6.2,NA,20000,0.2,-14.9,NA,31.4568083115942,NA,NA,NA,NA,NA,NA,NA,"2020"
"253",2020-02-06 06:55:00,"162040","99999","162040-99999","RADICOFANI",42.9,11.767,918,240,5.1,NA,9900,0,-15,NA,31.6540797917092,NA,NA,NA,NA,NA,NA,NA,"2020"
"254",2020-02-06 07:55:00,"162040","99999","162040-99999","RADICOFANI",42.9,11.767,918,210,3.6,NA,9900,1,-15,NA,29.4468389424397,NA,NA,NA,NA,NA,NA,NA,"2020"
"255",2020-02-06 08:55:00,"162040","99999","162040-99999","RADICOFANI",42.9,11.767,918,220,3.1,NA,9900,2,-15,NA,27.4072058682333,NA,NA,NA,NA,NA,NA,NA,"2020"
"256",2020-02-06 09:00:00,"162040","99999","162040-99999","RADICOFANI",42.9,11.767,828,220,3.1,22000,20000,2.4,-14.7,NA,27.303015458763,2,2100,NA,NA,NA,NA,2,"2020"
"257",2020-02-06 09:55:00,"162040","99999","162040-99999","RADICOFANI",42.9,11.767,918,200,5.1,NA,9900,4,-15,NA,23.7768511317034,NA,NA,NA,NA,NA,NA,NA,"2020"
"258",2020-02-06 10:55:00,"162040","99999","162040-99999","RADICOFANI",42.9,11.767,918,180,4.1,NA,9900,5,-15,NA,22.1621098836224,NA,NA,NA,NA,NA,NA,NA,"2020"
"259",2020-02-06 11:55:00,"162040","99999","162040-99999","RADICOFANI",42.9,11.767,918,180,6.7,NA,9900,6,-17,NA,17.4755631222128,NA,NA,NA,NA,NA,NA,NA,"2020"
"260",2020-02-06 12:00:00,"162040","99999","162040-99999","RADICOFANI",42.9,11.767,828,180,6.7,22000,25000,5.6,-16.9,NA,18.1238424742888,NA,NA,NA,NA,NA,NA,NA,"2020"
"261",2020-02-06 12:55:00,"162040","99999","162040-99999","RADICOFANI",42.9,11.767,918,200,4.1,NA,9900,7,-16,NA,17.7363907475499,NA,NA,NA,NA,NA,NA,NA,"2020"
"262",2020-02-06 13:55:00,"162040","99999","162040-99999","RADICOFANI",42.9,11.767,918,220,4.1,NA,9900,7,-18,NA,14.9683935433499,NA,NA,NA,NA,NA,NA,NA,"2020"
"263",2020-02-07 05:55:00,"162040","99999","162040-99999","RADICOFANI",42.9,11.767,918,NA,0,NA,9900,3,-26,NA,9.71268339356044,NA,NA,NA,NA,NA,NA,NA,"2020"
"264",2020-02-07 06:00:00,"162040","99999","162040-99999","RADICOFANI",42.9,11.767,828,NA,0,NA,30000,2.8,-25.9,NA,9.94620409762704,NA,NA,NA,NA,NA,NA,NA,"2020"
"265",2020-02-07 06:55:00,"162040","99999","162040-99999","RADICOFANI",42.9,11.767,918,NA,0,NA,9900,3,-26,NA,9.71268339356044,NA,NA,NA,NA,NA,NA,NA,"2020"
"266",2020-02-07 07:55:00,"162040","99999","162040-99999","RADICOFANI",42.9,11.767,918,NA,0,NA,9900,5,-24,NA,10.1264453037081,NA,NA,NA,NA,NA,NA,NA,"2020"
"267",2020-02-07 08:55:00,"162040","99999","162040-99999","RADICOFANI",42.9,11.767,918,NA,0,NA,9900,7,-23,NA,9.63402284016638,NA,NA,NA,NA,NA,NA,NA,"2020"
"268",2020-02-07 09:00:00,"162040","99999","162040-99999","RADICOFANI",42.9,11.767,828,NA,0,NA,30000,6.6,-22.9,NA,9.99771802370187,NA,NA,NA,NA,NA,NA,NA,"2020"
"269",2020-02-07 09:55:00,"162040","99999","162040-99999","RADICOFANI",42.9,11.767,918,260,2.6,NA,9900,7,-23,NA,9.63402284016638,NA,NA,NA,NA,NA,NA,NA,"2020"
"270",2020-02-10 05:55:00,"162040","99999","162040-99999","RADICOFANI",42.9,11.767,918,190,3.1,0,0,7,6,NA,93.4342577566707,NA,0,NA,NA,NA,NA,NA,"2020"
"271",2020-02-10 06:00:00,"162040","99999","162040-99999","RADICOFANI",42.9,11.767,828,190,3.1,0,0,6.6,6.5,NA,99.3236985474459,NA,0,NA,NA,NA,NA,NA,"2020"
"272",2020-02-10 06:55:00,"162040","99999","162040-99999","RADICOFANI",42.9,11.767,918,180,1.5,0,0,7,7,NA,100,NA,0,NA,NA,NA,NA,NA,"2020"
"273",2020-02-10 07:55:00,"162040","99999","162040-99999","RADICOFANI",42.9,11.767,918,190,2.6,0,0,7,7,NA,100,NA,0,NA,NA,NA,NA,NA,"2020"
"274",2020-02-10 08:55:00,"162040","99999","162040-99999","RADICOFANI",42.9,11.767,918,190,5.1,0,0,8,8,NA,100,NA,0,NA,NA,NA,NA,NA,"2020"
"275",2020-02-10 09:00:00,"162040","99999","162040-99999","RADICOFANI",42.9,11.767,828,190,5.1,0,0,8,7.9,NA,99.3308263893918,NA,0,NA,NA,NA,NA,NA,"2020"
"276",2020-02-10 09:55:00,"162040","99999","162040-99999","RADICOFANI",42.9,11.767,918,180,4.1,0,0,8,8,NA,100,NA,0,NA,NA,NA,NA,NA,"2020"
"277",2020-02-10 10:55:00,"162040","99999","162040-99999","RADICOFANI",42.9,11.767,918,200,4.1,0,0,8,8,NA,100,NA,0,NA,NA,NA,NA,NA,"2020"
"278",2020-02-10 11:55:00,"162040","99999","162040-99999","RADICOFANI",42.9,11.767,918,170,3.1,0,0,8,8,NA,100,NA,0,NA,NA,NA,NA,NA,"2020"
"279",2020-02-10 12:00:00,"162040","99999","162040-99999","RADICOFANI",42.9,11.767,828,170,3.1,0,0,8.4,8.3,NA,99.332835402227,NA,0,NA,NA,NA,NA,NA,"2020"
"280",2020-02-10 12:55:00,"162040","99999","162040-99999","RADICOFANI",42.9,11.767,918,180,3.1,0,0,9,8,NA,93.5298058079933,NA,0,NA,NA,NA,NA,NA,"2020"
"281",2020-02-11 12:55:00,"162040","99999","162040-99999","RADICOFANI",42.9,11.767,918,240,5.1,610,NA,12,-2,NA,37.9703174842466,7,610,NA,NA,NA,NA,7,"2020"
"282",2020-02-12 05:55:00,"162040","99999","162040-99999","RADICOFANI",42.9,11.767,918,NA,0,NA,NA,7,4,NA,81.4247626587801,2,853,NA,NA,NA,NA,2,"2020"
"283",2020-02-12 06:55:00,"162040","99999","162040-99999","RADICOFANI",42.9,11.767,918,NA,0,NA,NA,7,0,NA,61.3879820779299,2,914,NA,NA,NA,NA,2,"2020"
"284",2020-02-12 07:55:00,"162040","99999","162040-99999","RADICOFANI",42.9,11.767,918,NA,0,NA,9900,7,1,NA,65.9416929933149,NA,NA,NA,NA,NA,NA,NA,"2020"
"285",2020-02-12 08:55:00,"162040","99999","162040-99999","RADICOFANI",42.9,11.767,918,NA,0,NA,9900,8,2,NA,66.1548016409061,NA,NA,NA,NA,NA,NA,NA,"2020"
"286",2020-02-12 09:55:00,"162040","99999","162040-99999","RADICOFANI",42.9,11.767,918,NA,NA,NA,11265,10,2,NA,57.8554912248566,NA,NA,NA,NA,NA,NA,NA,"2020"
"287",2020-02-12 11:00:00,"162040","99999","162040-99999","RADICOFANI",42.9,11.767,918,210,1.5,NA,NA,11,3,NA,58.0978616024747,4,610,NA,NA,NA,NA,4,"2020"
"288",2020-02-12 11:55:00,"162040","99999","162040-99999","RADICOFANI",42.9,11.767,918,80,2.6,NA,NA,11,4,NA,62.3061024053346,2,610,NA,NA,NA,NA,2,"2020"
"289",2020-02-12 12:55:00,"162040","99999","162040-99999","RADICOFANI",42.9,11.767,918,NA,0,NA,NA,12,3,NA,54.3940206784374,2,610,NA,NA,NA,NA,2,"2020"
"290",2020-02-12 13:55:00,"162040","99999","162040-99999","RADICOFANI",42.9,11.767,918,NA,NA,NA,11265,13,1,NA,44.2046328588433,NA,NA,NA,NA,NA,NA,NA,"2020"
"291",2020-02-13 05:55:00,"162040","99999","162040-99999","RADICOFANI",42.9,11.767,918,NA,0,NA,9900,6,-8,NA,36.2092504482005,NA,NA,NA,NA,NA,NA,NA,"2020"
"292",2020-02-13 06:00:00,"162040","99999","162040-99999","RADICOFANI",42.9,11.767,828,NA,0,22000,20000,6,-7.7,NA,37.0582814884398,NA,NA,NA,NA,NA,NA,NA,"2020"
"293",2020-02-13 06:55:00,"162040","99999","162040-99999","RADICOFANI",42.9,11.767,918,NA,0,NA,9900,6,-8,NA,36.2092504482005,NA,NA,NA,NA,NA,NA,NA,"2020"
"294",2020-02-13 07:55:00,"162040","99999","162040-99999","RADICOFANI",42.9,11.767,918,NA,0,NA,9900,7,NA,NA,NA,NA,NA,NA,NA,NA,NA,NA,"2020"
"295",2020-02-13 08:55:00,"162040","99999","162040-99999","RADICOFANI",42.9,11.767,918,NA,0,NA,9900,8,-5,NA,39.6995963208464,NA,NA,NA,NA,NA,NA,NA,"2020"
"296",2020-02-13 09:00:00,"162040","99999","162040-99999","RADICOFANI",42.9,11.767,828,NA,0,22000,20000,8,-5.1,NA,39.4015247146933,NA,NA,NA,NA,NA,NA,NA,"2020"
"297",2020-02-13 10:00:00,"162040","99999","162040-99999","RADICOFANI",42.9,11.767,918,NA,0,NA,NA,8,-4,NA,42.7905865523518,2,305,NA,NA,NA,NA,2,"2020"
"298",2020-02-13 10:55:00,"162040","99999","162040-99999","RADICOFANI",42.9,11.767,918,160,3.1,NA,NA,9,3,NA,66.3653052243975,2,549,NA,NA,NA,NA,2,"2020"
"299",2020-02-13 11:55:00,"162040","99999","162040-99999","RADICOFANI",42.9,11.767,918,160,3.6,NA,NA,10,3,NA,62.0805917801203,4,610,NA,NA,NA,NA,4,"2020"
"300",2020-02-13 12:55:00,"162040","99999","162040-99999","RADICOFANI",42.9,11.767,918,180,4.1,NA,NA,11,3,NA,58.0978616024747,4,671,NA,NA,NA,NA,4,"2020"
"301",2020-02-13 13:55:00,"162040","99999","162040-99999","RADICOFANI",42.9,11.767,918,170,3.6,NA,NA,11,3,NA,58.0978616024747,4,762,NA,NA,NA,NA,4,"2020"
"302",2020-02-14 06:00:00,"162040","99999","162040-99999","RADICOFANI",42.9,11.767,828,240,8.2,22000,12000,8,2.4,NA,68.0481946667726,3,300,NA,NA,NA,NA,3,"2020"
"303",2020-02-14 06:55:00,"162040","99999","162040-99999","RADICOFANI",42.9,11.767,918,240,15,NA,NA,8,2,NA,66.1548016409061,4,396,NA,NA,NA,NA,4,"2020"
"304",2020-02-14 07:55:00,"162040","99999","162040-99999","RADICOFANI",42.9,11.767,918,260,5.1,NA,NA,8,4,NA,76.1044040469703,4,396,NA,NA,NA,NA,4,"2020"
"305",2020-02-14 08:55:00,"162040","99999","162040-99999","RADICOFANI",42.9,11.767,918,NA,0,NA,NA,9,4,NA,71.1637015780037,2,610,NA,NA,NA,NA,2,"2020"
"306",2020-02-14 09:00:00,"162040","99999","162040-99999","RADICOFANI",42.9,11.767,828,NA,0,22000,15000,9,4,NA,71.1637015780037,1,800,NA,NA,NA,NA,1,"2020"
"307",2020-02-14 09:55:00,"162040","99999","162040-99999","RADICOFANI",42.9,11.767,918,210,2.6,NA,NA,10,4,NA,66.5732501936684,4,610,NA,NA,NA,NA,4,"2020"
"308",2020-02-17 05:55:00,"162040","99999","162040-99999","RADICOFANI",42.9,11.767,918,NA,0,NA,9900,6,-1,NA,61.1515982034628,NA,NA,NA,NA,NA,NA,NA,"2020"
"309",2020-02-17 06:00:00,"162040","99999","162040-99999","RADICOFANI",42.9,11.767,828,NA,0,22000,20000,6,-0.8,NA,62.0434930268662,NA,NA,NA,NA,NA,NA,NA,"2020"
"310",2020-02-17 06:55:00,"162040","99999","162040-99999","RADICOFANI",42.9,11.767,918,NA,0,NA,9900,6,-1,NA,61.1515982034628,NA,NA,NA,NA,NA,NA,NA,"2020"
"311",2020-02-17 07:55:00,"162040","99999","162040-99999","RADICOFANI",42.9,11.767,918,NA,0,NA,NA,6,-1,NA,61.1515982034628,2,305,NA,NA,NA,NA,2,"2020"
"312",2020-02-17 09:00:00,"162040","99999","162040-99999","RADICOFANI",42.9,11.767,828,NA,0,22000,15000,9,2.6,NA,64.5267301802752,2,300,NA,NA,NA,NA,2,"2020"
"313",2020-02-17 10:55:00,"162040","99999","162040-99999","RADICOFANI",42.9,11.767,918,NA,0,NA,NA,10,4,NA,66.5732501936684,2,305,NA,NA,NA,NA,2,"2020"
"314",2020-02-17 11:55:00,"162040","99999","162040-99999","RADICOFANI",42.9,11.767,918,210,3,NA,9900,10,1,NA,53.8841726305271,NA,NA,NA,NA,NA,NA,NA,"2020"
"315",2020-02-17 12:00:00,"162040","99999","162040-99999","RADICOFANI",42.9,11.767,828,190,1.5,22000,20000,10,1.2,NA,54.6587748329525,NA,NA,NA,NA,NA,NA,NA,"2020"
"316",2020-02-17 13:55:00,"162040","99999","162040-99999","RADICOFANI",42.9,11.767,918,180,3.1,NA,9900,13,2,NA,47.4715848885094,NA,NA,NA,NA,NA,NA,NA,"2020"
"317",2020-02-18 05:55:00,"162040","99999","162040-99999","RADICOFANI",42.9,11.767,918,NA,0,NA,NA,6,6,NA,100,NA,NA,NA,NA,NA,NA,NA,"2020"
"318",2020-02-18 06:00:00,"162040","99999","162040-99999","RADICOFANI",42.9,11.767,828,NA,0,0,0,0.6,NA,NA,NA,NA,NA,NA,NA,NA,NA,NA,"2020"
"319",2020-02-18 06:55:00,"162040","99999","162040-99999","RADICOFANI",42.9,11.767,918,NA,0,NA,NA,6,6,NA,100,NA,NA,NA,NA,NA,NA,NA,"2020"
"320",2020-02-18 07:55:00,"162040","99999","162040-99999","RADICOFANI",42.9,11.767,918,NA,0,NA,NA,7,7,NA,100,NA,NA,NA,NA,NA,NA,NA,"2020"
"321",2020-02-18 08:55:00,"162040","99999","162040-99999","RADICOFANI",42.9,11.767,918,NA,0,NA,NA,7,7,NA,100,NA,NA,NA,NA,NA,NA,NA,"2020"
"322",2020-02-18 10:55:00,"162040","99999","162040-99999","RADICOFANI",42.9,11.767,918,NA,0,NA,NA,11,5,NA,66.7786819321014,4,549,NA,NA,NA,NA,4,"2020"
"323",2020-02-18 11:55:00,"162040","99999","162040-99999","RADICOFANI",42.9,11.767,918,250,2.6,NA,NA,12,4,NA,58.3375478421103,4,549,NA,NA,NA,NA,4,"2020"
"324",2020-02-18 12:00:00,"162040","99999","162040-99999","RADICOFANI",42.9,11.767,828,250,2.6,22000,14000,12,4,NA,58.3375478421103,4,450,NA,NA,NA,NA,4,"2020"
"325",2020-02-18 12:55:00,"162040","99999","162040-99999","RADICOFANI",42.9,11.767,918,260,2.6,NA,NA,12,3,NA,54.3940206784374,2,610,NA,NA,NA,NA,2,"2020"
"326",2020-02-18 13:55:00,"162040","99999","162040-99999","RADICOFANI",42.9,11.767,918,240,1.5,NA,NA,12,3,NA,54.3940206784374,4,610,NA,NA,NA,NA,4,"2020"
"327",2020-02-19 05:55:00,"162040","99999","162040-99999","RADICOFANI",42.9,11.767,918,NA,0,NA,NA,6,6,NA,100,NA,NA,NA,NA,NA,NA,NA,"2020"
"328",2020-02-19 06:00:00,"162040","99999","162040-99999","RADICOFANI",42.9,11.767,828,NA,0,0,0,6,5.6,NA,97.3065598004658,NA,0,NA,NA,NA,NA,NA,"2020"
"329",2020-02-19 06:55:00,"162040","99999","162040-99999","RADICOFANI",42.9,11.767,918,NA,0,610,NA,6,4,NA,87.1568840291932,4,305,7,610,NA,NA,7,"2020"
"330",2020-02-19 07:55:00,"162040","99999","162040-99999","RADICOFANI",42.9,11.767,918,NA,0,610,NA,7,5,NA,87.248859931572,4,305,7,610,NA,NA,7,"2020"
"331",2020-02-19 08:55:00,"162040","99999","162040-99999","RADICOFANI",42.9,11.767,918,NA,0,762,NA,7,4,NA,81.4247626587801,4,457,4,762,NA,NA,4,"2020"
"332",2020-02-19 09:00:00,"162040","99999","162040-99999","RADICOFANI",42.9,11.767,828,NA,0,NA,14000,7,4,NA,81.4247626587801,4,450,NA,NA,NA,NA,4,"2020"
"333",2020-02-19 09:55:00,"162040","99999","162040-99999","RADICOFANI",42.9,11.767,918,NA,0,762,NA,8,4,NA,76.1044040469703,4,457,4,762,NA,NA,4,"2020"
"334",2020-02-19 10:55:00,"162040","99999","162040-99999","RADICOFANI",42.9,11.767,918,NA,0,610,NA,9,5,NA,76.2629672200824,4,457,7,610,NA,NA,7,"2020"
"335",2020-02-19 11:55:00,"162040","99999","162040-99999","RADICOFANI",42.9,11.767,918,250,2.6,305,NA,7,5,NA,87.248859931572,8,305,NA,NA,NA,NA,8,"2020"
"336",2020-02-19 12:00:00,"162040","99999","162040-99999","RADICOFANI",42.9,11.767,828,250,2.6,300,10000,7,5.2,NA,88.4564377626892,8,300,NA,NA,NA,NA,8,"2020"
"337",2020-02-19 12:55:00,"162040","99999","162040-99999","RADICOFANI",42.9,11.767,918,270,5,762,NA,NA,NA,NA,NA,2,610,4,762,NA,NA,4,"2020"
"338",2020-02-19 13:55:00,"162040","99999","162040-99999","RADICOFANI",42.9,11.767,918,270,3.6,853,NA,7,4,NA,81.4247626587801,2,610,4,853,NA,NA,4,"2020"
"339",2020-02-20 06:00:00,"162040","99999","162040-99999","RADICOFANI",42.9,11.767,828,180,2.6,NA,20000,4,-3.4,NA,58.9054412403253,NA,NA,NA,NA,NA,NA,NA,"2020"
"340",2020-02-20 06:00:00,"162040","99999","162040-99999","RADICOFANI",42.9,11.767,918,180,2.6,NA,9900,4,-3,NA,60.6702702324474,NA,NA,NA,NA,NA,NA,NA,"2020"
"341",2020-02-20 07:55:00,"162040","99999","162040-99999","RADICOFANI",42.9,11.767,918,270,1.5,NA,9900,5,-7,NA,41.9105075853096,NA,NA,NA,NA,NA,NA,NA,"2020"
"342",2020-02-20 09:00:00,"162040","99999","162040-99999","RADICOFANI",42.9,11.767,828,80,4.6,NA,20000,7,-3.4,NA,47.89537748072,NA,NA,NA,NA,NA,NA,NA,"2020"
"343",2020-02-20 11:55:00,"162040","99999","162040-99999","RADICOFANI",42.9,11.767,918,70,2.1,NA,9900,9,-10,NA,25.2153607279493,NA,NA,NA,NA,NA,NA,NA,"2020"
"344",2020-02-20 12:00:00,"162040","99999","162040-99999","RADICOFANI",42.9,11.767,828,70,2.1,NA,20000,9,-11,NA,23.2878052532065,NA,NA,NA,NA,NA,NA,NA,"2020"
"345",2020-02-20 13:55:00,"162040","99999","162040-99999","RADICOFANI",42.9,11.767,918,90,3.1,NA,9900,9,-14,NA,18.2561745749137,NA,NA,NA,NA,NA,NA,NA,"2020"
"346",2020-02-21 05:55:00,"162040","99999","162040-99999","RADICOFANI",42.9,11.767,918,NA,0,NA,9900,5,-16,NA,20.3901100502074,NA,NA,NA,NA,NA,NA,NA,"2020"
"347",2020-02-21 06:00:00,"162040","99999","162040-99999","RADICOFANI",42.9,11.767,828,NA,0,NA,20000,5,-16.2,NA,20.0509891604871,NA,NA,NA,NA,NA,NA,NA,"2020"
"348",2020-02-21 07:55:00,"162040","99999","162040-99999","RADICOFANI",42.9,11.767,918,NA,0,NA,9900,7,-8,NA,33.8006159980778,NA,NA,NA,NA,NA,NA,NA,"2020"
"349",2020-02-21 09:00:00,"162040","99999","162040-99999","RADICOFANI",42.9,11.767,828,NA,0,NA,20000,8,-7.8,NA,32.059317076417,NA,NA,NA,NA,NA,NA,NA,"2020"
"350",2020-02-21 09:00:00,"162040","99999","162040-99999","RADICOFANI",42.9,11.767,918,NA,0,NA,9900,8,-7,NA,34.0982199992732,NA,NA,NA,NA,NA,NA,NA,"2020"
"351",2020-02-21 09:55:00,"162040","99999","162040-99999","RADICOFANI",42.9,11.767,918,NA,0,NA,9900,9,-7,NA,31.8611741832606,NA,NA,NA,NA,NA,NA,NA,"2020"
"352",2020-02-24 05:55:00,"162040","99999","162040-99999","RADICOFANI",42.9,11.767,918,NA,0,NA,9900,7,4,NA,81.4247626587801,NA,NA,NA,NA,NA,NA,NA,"2020"
"353",2020-02-24 06:00:00,"162040","99999","162040-99999","RADICOFANI",42.9,11.767,828,NA,0,NA,20000,7,4.4,NA,83.7122306533083,NA,NA,NA,NA,NA,NA,NA,"2020"
"354",2020-02-24 06:55:00,"162040","99999","162040-99999","RADICOFANI",42.9,11.767,918,NA,0,NA,9900,7,5,NA,87.248859931572,NA,NA,NA,NA,NA,NA,NA,"2020"
"355",2020-02-24 07:55:00,"162040","99999","162040-99999","RADICOFANI",42.9,11.767,918,NA,0,NA,NA,9,6,NA,81.6791296449009,2,610,NA,NA,NA,NA,2,"2020"
"356",2020-02-24 08:55:00,"162040","99999","162040-99999","RADICOFANI",42.9,11.767,918,NA,0,NA,NA,9,5,NA,76.2629672200824,2,610,NA,NA,NA,NA,2,"2020"
"357",2020-02-24 09:00:00,"162040","99999","162040-99999","RADICOFANI",42.9,11.767,828,NA,0,22000,20000,9,5.3,NA,77.8537942989954,2,600,NA,NA,NA,NA,2,"2020"
"358",2020-02-24 11:00:00,"162040","99999","162040-99999","RADICOFANI",42.9,11.767,918,10,3,NA,9900,11,5,NA,66.7786819321014,NA,NA,NA,NA,NA,NA,NA,"2020"
"359",2020-02-24 11:55:00,"162040","99999","162040-99999","RADICOFANI",42.9,11.767,918,10,1.5,NA,9900,13,5,NA,58.5745923196379,NA,NA,NA,NA,NA,NA,NA,"2020"
"360",2020-02-24 12:00:00,"162040","99999","162040-99999","RADICOFANI",42.9,11.767,828,10,1.5,NA,20000,13,4.8,NA,57.7694558497269,NA,NA,NA,NA,NA,NA,NA,"2020"
"361",2020-02-24 13:00:00,"162040","99999","162040-99999","RADICOFANI",42.9,11.767,918,NA,0,NA,9900,13,3,NA,50.947880380603,NA,NA,NA,NA,NA,NA,NA,"2020"
"362",2020-02-24 13:55:00,"162040","99999","162040-99999","RADICOFANI",42.9,11.767,918,270,2,NA,9900,14,3,NA,47.7399887594748,NA,NA,NA,NA,NA,NA,NA,"2020"
"363",2020-02-25 05:55:00,"162040","99999","162040-99999","RADICOFANI",42.9,11.767,918,160,3.1,NA,NA,7,7,NA,100,NA,NA,NA,NA,NA,NA,NA,"2020"
"364",2020-02-25 06:00:00,"162040","99999","162040-99999","RADICOFANI",42.9,11.767,828,160,3.1,0,0,7,6.8,NA,98.6554822582376,NA,0,NA,NA,NA,NA,NA,"2020"
"365",2020-02-25 07:55:00,"162040","99999","162040-99999","RADICOFANI",42.9,11.767,918,170,3.1,0,0,7,7,NA,100,NA,0,NA,NA,NA,NA,NA,"2020"
"366",2020-02-25 08:55:00,"162040","99999","162040-99999","RADICOFANI",42.9,11.767,918,180,3.1,0,0,7,7,NA,100,NA,0,NA,NA,NA,NA,NA,"2020"
"367",2020-02-25 09:00:00,"162040","99999","162040-99999","RADICOFANI",42.9,11.767,828,180,3.1,0,0,7,6.8,NA,98.6554822582376,NA,0,NA,NA,NA,NA,NA,"2020"
"368",2020-02-25 09:55:00,"162040","99999","162040-99999","RADICOFANI",42.9,11.767,918,180,3.6,0,0,7,7,NA,100,NA,0,NA,NA,NA,NA,NA,"2020"
"369",2020-02-25 10:55:00,"162040","99999","162040-99999","RADICOFANI",42.9,11.767,918,180,3.1,305,NA,9,8,NA,93.5298058079933,8,305,NA,NA,NA,NA,8,"2020"
"370",2020-02-25 11:55:00,"162040","99999","162040-99999","RADICOFANI",42.9,11.767,918,180,5.1,NA,NA,9,8,NA,93.5298058079933,NA,NA,NA,NA,NA,NA,NA,"2020"
"371",2020-02-25 12:00:00,"162040","99999","162040-99999","RADICOFANI",42.9,11.767,828,180,5.1,300,15000,9,7.5,NA,90.4343565753609,8,300,NA,NA,NA,NA,8,"2020"
"372",2020-02-25 12:55:00,"162040","99999","162040-99999","RADICOFANI",42.9,11.767,918,180,3.6,NA,NA,9,8,NA,93.5298058079933,NA,NA,NA,NA,NA,NA,NA,"2020"
"373",2020-02-25 13:55:00,"162040","99999","162040-99999","RADICOFANI",42.9,11.767,918,200,7.2,549,NA,10,3,NA,62.0805917801203,7,549,NA,NA,NA,NA,7,"2020"
"374",2020-02-26 05:55:00,"162040","99999","162040-99999","RADICOFANI",42.9,11.767,918,NA,0,0,0,7,7,NA,100,NA,0,NA,NA,NA,NA,NA,"2020"
"375",2020-02-26 06:00:00,"162040","99999","162040-99999","RADICOFANI",42.9,11.767,828,NA,0,0,0,7,6.6,NA,97.3268087983754,NA,NA,NA,NA,NA,NA,NA,"2020"
"376",2020-02-26 06:55:00,"162040","99999","162040-99999","RADICOFANI",42.9,11.767,918,210,3.1,762,NA,7,6,NA,93.4342577566707,4,305,7,762,NA,NA,7,"2020"
"377",2020-02-26 07:55:00,"162040","99999","162040-99999","RADICOFANI",42.9,11.767,918,260,3.1,NA,NA,7,1,NA,65.9416929933149,4,NA,NA,NA,NA,NA,4,"2020"
"378",2020-02-26 08:55:00,"162040","99999","162040-99999","RADICOFANI",42.9,11.767,918,260,4.6,853,NA,7,-3,NA,49.3343824214183,4,457,7,853,NA,NA,7,"2020"
"379",2020-02-26 09:00:00,"162040","99999","162040-99999","RADICOFANI",42.9,11.767,828,260,4.6,NA,12000,7,-2.9,NA,49.6999899136418,3,450,NA,NA,NA,NA,3,"2020"
"380",2020-02-26 09:55:00,"162040","99999","162040-99999","RADICOFANI",42.9,11.767,918,90,2.6,853,NA,7,-3,NA,49.3343824214183,4,610,4,853,NA,NA,4,"2020"
"381",2020-02-26 10:55:00,"162040","99999","162040-99999","RADICOFANI",42.9,11.767,918,240,5.7,NA,NA,8,-3,NA,46.0901416580507,4,671,NA,NA,NA,NA,4,"2020"
"382",2020-02-26 11:55:00,"162040","99999","162040-99999","RADICOFANI",42.9,11.767,918,250,7.7,NA,NA,9,-3,NA,43.0785912283579,4,610,NA,NA,NA,NA,4,"2020"
"383",2020-02-26 12:00:00,"162040","99999","162040-99999","RADICOFANI",42.9,11.767,828,250,7.7,22000,15000,9,-3,NA,43.0785912283579,4,600,NA,NA,NA,NA,4,"2020"
"384",2020-02-26 12:55:00,"162040","99999","162040-99999","RADICOFANI",42.9,11.767,918,240,9.3,NA,NA,10,8,NA,87.5170617782344,4,671,NA,NA,NA,NA,4,"2020"
"385",2020-02-27 06:00:00,"162040","99999","162040-99999","RADICOFANI",42.9,11.767,828,NA,0,NA,30000,1,-15.4,NA,28.4883286829711,NA,NA,NA,NA,NA,NA,NA,"2020"
"386",2020-02-27 06:55:00,"162040","99999","162040-99999","RADICOFANI",42.9,11.767,918,NA,0,NA,9900,1,-15,NA,29.4468389424397,NA,NA,NA,NA,NA,NA,NA,"2020"
"387",2020-02-27 07:55:00,"162040","99999","162040-99999","RADICOFANI",42.9,11.767,918,240,1.5,NA,9900,3,-17,NA,21.5919809715412,NA,NA,NA,NA,NA,NA,NA,"2020"
"388",2020-02-27 09:00:00,"162040","99999","162040-99999","RADICOFANI",42.9,11.767,828,250,2.6,NA,30000,4,-11.7,NA,31.1072223248156,NA,NA,NA,NA,NA,NA,NA,"2020"
"389",2020-02-27 09:55:00,"162040","99999","162040-99999","RADICOFANI",42.9,11.767,918,230,2.6,NA,9900,6,-14,NA,22.4453757277345,NA,NA,NA,NA,NA,NA,NA,"2020"
"390",2020-02-27 11:55:00,"162040","99999","162040-99999","RADICOFANI",42.9,11.767,918,260,3.1,NA,NA,7,-15,NA,19.281123658873,2,488,NA,NA,NA,NA,2,"2020"
"391",2020-02-27 12:00:00,"162040","99999","162040-99999","RADICOFANI",42.9,11.767,828,260,3.1,22000,30000,7,-14.6,NA,19.9312178312101,2,480,NA,NA,NA,NA,2,"2020"
"392",2020-02-27 12:55:00,"162040","99999","162040-99999","RADICOFANI",42.9,11.767,918,200,2.1,NA,NA,9,-15,NA,16.8051751078947,2,NA,NA,NA,NA,NA,2,"2020"
"393",2020-02-28 05:55:00,"162040","99999","162040-99999","RADICOFANI",42.9,11.767,918,240,2.1,NA,NA,5,4,NA,93.3358465665019,2,457,NA,NA,NA,NA,2,"2020"
"394",2020-02-28 06:00:00,"162040","99999","162040-99999","RADICOFANI",42.9,11.767,828,240,2.1,22000,12000,5,3.8,NA,92.050691524823,2,450,NA,NA,NA,NA,2,"2020"
"395",2020-02-28 06:55:00,"162040","99999","162040-99999","RADICOFANI",42.9,11.767,918,240,2.1,NA,NA,6,4,NA,87.1568840291932,2,457,NA,NA,NA,NA,2,"2020"
"396",2020-02-28 07:55:00,"162040","99999","162040-99999","RADICOFANI",42.9,11.767,918,220,1.5,NA,NA,6,0,NA,65.7259317350913,2,610,NA,NA,NA,NA,2,"2020"
"397",2020-02-28 08:55:00,"162040","99999","162040-99999","RADICOFANI",42.9,11.767,918,240,2.6,NA,9900,7,-9,NA,31.2699446616631,NA,NA,NA,NA,NA,NA,NA,"2020"
"398",2020-02-28 09:00:00,"162040","99999","162040-99999","RADICOFANI",42.9,11.767,828,240,2.6,NA,20000,7,-8.5,NA,32.5137423753613,NA,NA,NA,NA,NA,NA,NA,"2020"
"399",2020-02-28 09:55:00,"162040","99999","162040-99999","RADICOFANI",42.9,11.767,918,210,2.6,NA,9900,8,-15,NA,17.9966028640846,NA,NA,NA,NA,NA,NA,NA,"2020"
